{"cameraMode":{"drawMode":0,"name":"Shaded","section":"Shading Mode"},"sceneLighting":true,"audioPlay":false,"sceneViewState":{"m_AlwaysRefresh":false,"showFog":false,"showSkybox":false,"showFlares":false,"showImageEffects":false,"showParticleSystems":false,"showVisualEffectGraphs":true,"m_FxEnabled":false},"in2DMode":false,"pivot":{"x":0.008698642253875733,"y":-0.12195199728012085,"z":0.4013054370880127},"rotation":{"x":0.20258821547031403,"y":0.09092344343662262,"z":-0.018895486369729043,"w":0.9748516082763672},"size":55.594444274902347,"orthographic":false}