{"cameraMode":{"drawMode":0,"name":"Shaded","section":"Shading Mode"},"sceneLighting":true,"audioPlay":false,"sceneViewState":{"m_AlwaysRefresh":false,"showFog":false,"showSkybox":false,"showFlares":false,"showImageEffects":false,"showParticleSystems":false,"showVisualEffectGraphs":true,"m_FxEnabled":false},"in2DMode":false,"pivot":{"x":-15.010164260864258,"y":26.807693481445314,"z":113.48737335205078},"rotation":{"x":0.057790230959653857,"y":-0.050892606377601626,"z":0.00294986623339355,"w":0.9970268607139587},"size":296.2185974121094,"orthographic":false}